launch_id,launch_name,date,agency,launch_country
e3df2ecd-c239-472f-95e4-2b89b4f75800,Sputnik 8K74PS | Sputnik 1,1957-10-04T19:28:34Z,Soviet Space Program,KAZ
f8c9f344-a6df-4f30-873a-90fe3a7840b3,Sputnik 8K74PS | Sputnik 2,1957-11-03T02:30:00Z,Soviet Space Program,KAZ
535c1a09-97c8-4f96-bb64-6336d4bcb1fb,Vanguard | Vanguard,1957-12-06T16:44:35Z,US Navy,USA
1b9e28d0-c531-44b0-9b37-244e62a6d3f4,Juno-I | Explorer 1,1958-02-01T03:47:56Z,Army Ballistic Missile Agency,USA
48bc7deb-b2e1-46c2-ab63-0ce00fbd192b,Vanguard | Vanguard,1958-02-05T07:33:00Z,US Navy,USA
896e8af6-d256-4a5b-ab15-2f25c84e90e3,Juno-I | Explorer 2,1958-03-05T18:27:57Z,Army Ballistic Missile Agency,USA
74d39bb8-34a6-4a8b-8554-d2d3ec22aee6,Vanguard | Vanguard,1958-03-17T12:15:41Z,US Navy,USA
b4e501ff-083c-47d6-9ff0-63ec1bf035c3,Juno-I | Explorer 3,1958-03-26T17:38:01Z,Army Ballistic Missile Agency,USA
59d2de37-4c22-495f-8718-4b22f5f34ab7,Sputnik 8A91 | D-1 1,1958-04-27T07:00:35Z,Soviet Space Program,KAZ
de282e74-e03b-411e-9633-2d1497629893,Vanguard | Vanguard,1958-04-29T02:53:00Z,US Navy,USA
6a7f56f9-2565-4b6c-b0c5-23e9c74a2368,Sputnik 8A91 | D1- 2,1958-05-15T07:00:35Z,Soviet Space Program,KAZ
a861fb4d-8988-468b-abd1-a6e8abe5f2c7,Vanguard | Vanguard,1958-05-28T03:46:20Z,US Navy,USA
57e64adf-5c20-4c81-b17a-587b44d574b0,Vanguard | Vanguard,1958-06-26T05:00:52Z,US Navy,USA
64da1836-0c00-4074-ab0a-f9d0ee6b1221,Project Pilot | NOTS 1,1958-07-25T00:00:00Z,US Navy,???
e0975cef-e8c6-4f35-bbf7-1b55963e06a5,Juno-I | Explorer 4,1958-07-26T15:00:57Z,Army Ballistic Missile Agency,USA
ac4c0c44-1925-4636-99b5-8c3b33d6c62a,Project Pilot | NOTS 2,1958-08-12T00:00:00Z,US Navy,???
5408eda7-a3cc-48d2-9a62-e77a3cf86bc1,Thor Able I | Able I (Pioneer),1958-08-17T12:18:00Z,Army Ballistic Missile Agency,USA
ee6958bf-155d-4400-9d9a-9d3e27c56d6d,Project Pilot | NOTS 3,1958-08-22T00:00:00Z,US Navy,???
a17719ee-5a39-452d-afc6-770d3c6deb1b,Juno-I | Explorer 5,1958-08-24T06:17:22Z,Army Ballistic Missile Agency,USA
31bcb852-0c9f-4f1f-a201-a108c88e77f8,Project Pilot | NOTS 4,1958-08-25T00:00:00Z,US Navy,???
46580acb-1299-4a54-bdf0-884029a83a84,Project Pilot | NOTS 5,1958-08-26T00:00:00Z,US Navy,???
ba8f759d-5c34-4e63-bd32-29cb8e9905e6,Project Pilot | NOTS 6,1958-08-28T00:00:00Z,US Navy,???
b6141255-54e9-4edc-839d-1dc81b61f19f,Vostok-L 8K72 | Luna-1a,1958-09-23T07:40:23Z,Soviet Space Program,KAZ
3aec8a7e-0884-4709-bdf6-c5f6444314a4,Vanguard | Vanguard,1958-09-26T15:38:00Z,US Navy,USA
a58b6abf-6b0e-492c-8bf3-1fa586f8d4da,Thor Able I | Pioneer 1,1958-10-11T08:42:13Z,Army Ballistic Missile Agency,USA
b9dfc9fc-7c79-4c85-833e-037b3ee311aa,Vostok-L 8K72 | Luna-1b,1958-10-11T21:41:58Z,Soviet Space Program,KAZ
96c31f2e-670c-46d5-8c5c-bc0e47dce16e,Juno-I | Beacon,1958-10-23T03:21:04Z,Army Ballistic Missile Agency,USA
64ecf17b-09e4-42ab-aa54-8d87b989e365,Thor Able I | Pioneer 2,1958-11-08T07:30:21Z,Army Ballistic Missile Agency,USA
3fabc98a-84bf-4b91-bec8-31f30eee9dc3,Vostok-L 8K72 | Luna-1c,1958-12-04T18:18:45Z,Soviet Space Program,KAZ
e83eac3f-29eb-4fac-b826-247261bd170d,Juno II | Pioneer 3,1958-12-06T05:44:52Z,National Aeronautics and Space Administration,USA
80c8e883-8456-45e7-9ed7-abb1a587c5d9,Atlas B | SCORE,1958-12-18T23:02:00Z,US Army,USA
574ba4a9-76fb-4207-a587-dbc39fc1a6e4,Vostok-L 8K72 | Luna-1,1959-01-02T16:41:21Z,Soviet Space Program,KAZ
597540d3-b6b1-44d8-b6e6-3b799dc6b1e4,Vanguard | Vanguard II,1959-02-17T15:55:00Z,US Navy,USA
2e03da7f-8604-416c-9313-8c456d893a6f,Thor Agena A | Discoverer 1,1959-02-28T21:49:16Z,United States Air Force,USA
5de0c176-20e0-4bb6-a576-2e093b79fd51,Juno II | Pioneer 4,1959-03-03T05:10:56Z,National Aeronautics and Space Administration,USA
e10a11fb-e3b9-4def-b281-c5602653b2dc,Thor Agena A | Discoverer 2,1959-04-13T21:18:39Z,United States Air Force,USA
c3d28943-4905-47b6-89c7-13b8dce45eef,Vanguard | Vanguard,1959-04-14T02:49:46Z,US Navy,USA
c4ef4614-99bb-4da4-ab0c-180ec2faf6cc,Thor Agena A | Discoverer 3,1959-06-03T20:09:20Z,United States Air Force,USA
c5b416c9-5e12-42b1-85db-e3f807906166,Vostok-L 8K72 | Luna-2a,1959-06-18T08:08:00Z,Soviet Space Program,KAZ
d00485ff-f5c5-4e6b-9aa5-a2928c079f41,Vanguard | Vanguard,1959-06-22T20:16:09Z,US Navy,USA
dbe9a4b7-8cf0-4c7f-a42f-a5f70d2702a6,Thor Agena A | Discoverer 4,1959-06-25T22:47:45Z,United States Air Force,USA
7e01bff4-1cb9-409e-838b-4433ded92b94,Juno II | NASA S-1,1959-07-16T17:37:03Z,National Aeronautics and Space Administration,USA
7ab310ea-28d5-4c58-9bfd-ae9aefc40c20,Thor Able III | Explorer 6,1959-08-07T14:24:20Z,United States Air Force,USA
a87cf2ee-4169-4cdc-9fc4-8ff7ce8ebfea,Thor Agena A | Discoverer 5,1959-08-13T19:00:08Z,United States Air Force,USA
13e39d5c-50db-4ebd-8aaa-30318fcb49fe,Juno II | Beacon,1959-08-15T00:31:00Z,National Aeronautics and Space Administration,USA
1e564ecb-b4cf-40f3-905a-8555abc47810,Thor Agena A | Discoverer 6,1959-08-19T19:24:44Z,United States Air Force,USA
fdb56feb-e46f-41ba-80c8-c84be17c1888,Little Joe | LJ-1,1959-08-21T12:00:00Z,National Aeronautics and Space Administration,USA
0640dd85-11c7-4a10-9947-9467f33cbaf2,Atlas LV-3B | Big Joe 1,1959-09-09T08:19:00Z,National Aeronautics and Space Administration,USA
af1b241a-f46e-4d11-a504-e03965d94c01,Vostok-L 8K72 | Luna-2,1959-09-12T06:39:42Z,Soviet Space Program,KAZ
3587bc21-73f7-4668-b388-5f0840c6064f,Thor Able II | Transit 1A,1959-09-17T14:34:00Z,United States Air Force,USA
614d577a-ac7c-4659-8fed-4b6a734469cd,Vanguard | Vanguard III,1959-09-18T05:20:07Z,US Navy,USA
3016d082-58d4-436e-aa6a-379865565edf,Vostok-L 8K72 | Luna-3,1959-10-04T00:43:39Z,Soviet Space Program,KAZ
17e710c6-da47-43fb-b994-b02521787fd8,Little Joe | LJ-6,1959-10-04T10:00:00Z,National Aeronautics and Space Administration,USA
e501cff3-10ec-485e-9d3c-a48315195bed,Juno II | Explorer 7,1959-10-13T15:30:04Z,National Aeronautics and Space Administration,USA
3827a2c8-f89b-4e28-9671-ef5b39d9222a,Little Joe | LJ-1A,1959-11-04T14:30:00Z,National Aeronautics and Space Administration,USA
4ffd5945-132b-4ec4-8a9f-f37bdc428f9b,Thor Agena A | Discoverer 7,1959-11-07T20:28:41Z,United States Air Force,USA
ba311200-30df-44dd-879e-c4fecbc2dcb1,Thor Agena A | Discoverer 8,1959-11-20T19:25:24Z,United States Air Force,USA
f889bd5e-6cf9-4189-9912-d978a6f7b0fe,Atlas-Able | P-3,1959-11-26T07:26:00Z,United States Air Force,USA
89a42fc2-2d31-4c82-857a-c110a438d429,Little Joe | LJ-2,1959-12-04T16:20:00Z,National Aeronautics and Space Administration,USA
215ecfa3-d465-4e3e-a0d2-3312ffd4e35b,Little Joe | LJ-1B,1960-01-21T14:23:00Z,National Aeronautics and Space Administration,USA
05c21203-d2e5-4932-8376-f996301d1510,Thor Agena A | Discoverer 9,1960-02-04T18:51:45Z,United States Air Force,USA
7484048e-747d-4f6a-86be-45585a63804d,Thor Agena A | Discoverer 10,1960-02-19T20:15:14Z,United States Air Force,USA
258a4774-b0f5-4775-9918-5a90ad60f008,Atlas Agena A | Midas 1,1960-02-26T17:25:30Z,United States Air Force,USA
a80dd1f3-c3a2-40f6-a60a-97251eff576f,Thor Able IV | Pioneer V,1960-03-11T13:00:07Z,United States Air Force,USA
1bbd65cc-7c3d-495b-b5ae-b8a5827460ea,Juno II | NASA S-46,1960-03-23T13:35:11Z,National Aeronautics and Space Administration,USA
b5b8946b-8471-4fa2-b63f-d3aaf84607bb,Thor Able II | Tiros 1,1960-04-01T11:40:09Z,United States Air Force,USA
aef4789b-12ab-4483-b90c-24b997196861,Thor DM-21 Ablestar | Transit 1B,1960-04-13T12:02:36Z,United States Air Force,USA
ab42847c-d783-4304-a773-b7e310b22d2b,Vostok-L 8K72 | Luna-4a,1960-04-15T15:06:45Z,Soviet Space Program,KAZ
b2b23558-cba6-4c9f-89ef-76e47a53b187,Thor Agena A | Discoverer 11,1960-04-15T20:30:37Z,United States Air Force,USA
620237e7-82b2-44c9-affb-93744951d457,Vostok-L 8K72 | Luna-4b,1960-04-16T16:07:41Z,Soviet Space Program,KAZ
b4158c69-88e9-4bfa-927f-c3489cf48eda,Thor Delta | Echo,1960-05-13T09:16:05Z,United States Air Force,USA
02b8bb48-37a1-4f43-9112-33d8e8589a75,Vostok 8K72 | Korabl'-Sputnik-1,1960-05-15T00:00:05Z,Soviet Space Program,KAZ
eee9e288-e5c8-429d-9760-5c7bc14a5225,Atlas Agena A | Midas 2,1960-05-24T17:36:46Z,United States Air Force,USA
bc9375ae-6a9e-4eba-8358-cbf5b008def9,Thor DM-21 Ablestar | Transit 2A,1960-06-22T05:54:00Z,United States Air Force,USA
7c364234-6871-4ea9-97c5-5dcd5bcec1dd,Thor Agena A | Discoverer 12,1960-06-29T22:00:44Z,United States Air Force,USA
962f4ad2-81e0-43f9-8148-fb78f52cb0f5,Vostok 8K72 | Korabl-Sputnik (2),1960-07-28T09:31:00Z,Soviet Space Program,KAZ
0b722410-e8ad-4dd7-803e-76c251c2b65a,Atlas LV-3B | Mercury-Atlas 1,1960-07-29T13:13:00Z,National Aeronautics and Space Administration,USA
b485afd9-abd0-4da4-94a4-19adf515aab9,Thor Agena A | Discoverer 13,1960-08-10T20:37:54Z,United States Air Force,USA
a622451e-1533-40ec-ae1f-6ac82a8e15eb,Thor Delta | Echo 1,1960-08-12T09:39:43Z,United States Air Force,USA
365e8e27-7db7-48f5-8d7d-33a3ec978e81,Thor Agena A | Discoverer 14,1960-08-18T19:57:08Z,United States Air Force,USA
d203ad0f-2f6f-4533-9641-b211b5770421,Thor DM-21 Ablestar | Courier 1A,1960-08-18T19:58:00Z,United States Air Force,USA
5d75ee96-a897-499f-8f48-7d98d78fc01c,Vostok 8K72 | Korabl'-Sputnik-2,1960-08-19T08:44:06Z,Soviet Space Program,KAZ
4a0e330d-c75a-433b-ad2e-f0be2ed9a018,Thor Agena A | Discoverer 15,1960-09-13T22:13:39Z,United States Air Force,USA
ada5068a-c2e0-4c0e-9167-402536f4af37,Blue Scout Jr | Blue Scout D-1,1960-09-21T13:01:53Z,United States Air Force,USA
23538a9d-d745-4944-aec8-294c8f773cbf,Atlas-Able | P-30 (Able VA),1960-09-25T15:13:17Z,United States Air Force,USA
b3d4d5e7-b317-446c-9d08-d4e5cfa95a63,Scout X-1 | ST-2,1960-10-04T15:23:00Z,National Aeronautics and Space Administration,USA
dae8cfed-408d-4572-a461-d71e8d40e396,Thor DM-21 Ablestar | Courier 1B,1960-10-04T17:50:00Z,United States Air Force,USA
2b8ca24a-995a-49bd-a686-f937647fd47e,Molniya 8K78 | Mars-1a,1960-10-10T14:27:49Z,Soviet Space Program,KAZ
d1d6a521-65f5-44df-93ba-5f79773186f4,Atlas Agena A | Samos 1,1960-10-11T20:33:28Z,United States Air Force,USA
ba2e283c-6389-416a-9c88-541ded25c1dd,Molniya 8K78 | Mars-1b,1960-10-14T13:51:03Z,Soviet Space Program,KAZ
adca914e-1d47-47fd-a8d8-71b90dd9cbe1,Thor DM-21 Agena-B | Discoverer 16,1960-10-26T20:26:09Z,United States Air Force,USA
68c95d0d-e00a-43d9-9761-dcecd4a83413,Juno II | Explorer 8,1960-11-03T05:23:10Z,National Aeronautics and Space Administration,USA
bc401ea5-29c7-448f-87d1-84ad56f806d6,Little Joe | LJ-5,1960-11-08T15:18:00Z,National Aeronautics and Space Administration,USA
ab21d17c-aa7d-46f5-9d39-601a4793f279,Thor DM-21 Agena-B | Discoverer 17,1960-11-12T20:42:32Z,United States Air Force,USA
0abcc2bf-6243-4f2c-8c14-cac541595992,Redstone MRLV | Mercury-Redstone 1,1960-11-21T14:00:00Z,National Aeronautics and Space Administration,USA
7907f62e-09cd-476c-afb5-dfb22445caa9,Thor Delta | Tiros 2,1960-11-23T11:13:03Z,United States Air Force,USA
b5f0d805-b7b3-469c-976c-164255551f91,Thor DM-21 Ablestar | Transit 3A,1960-11-30T19:50:00Z,United States Air Force,USA
787e5a38-9f51-4543-a218-5d1e5690bb34,Vostok 8K72 | Korabl'-Sputnik-3,1960-12-01T07:30:04Z,Soviet Space Program,KAZ
83208857-199a-421b-a706-c339709aa0ab,Scout X-1 | NASA S-56,1960-12-04T21:14:00Z,National Aeronautics and Space Administration,USA
ba9b77a7-5d1b-47e9-89fc-2fc0050186df,Thor DM-21 Agena-B | Discoverer 18,1960-12-07T20:20:58Z,United States Air Force,USA
583b7dc8-2b7d-494a-a19a-4629c45f0b7d,Atlas-Able | P-31,1960-12-15T09:10:00Z,United States Air Force,USA
8089e392-6d8e-415f-9492-e80432276d49,Redstone MRLV | Mercury-Redstone 1A,1960-12-19T16:15:00Z,National Aeronautics and Space Administration,USA
5930bee2-7e3b-4792-a04b-4b3da52821c1,Thor DM-21 Agena-B | Discoverer 19,1960-12-20T20:32:00Z,United States Air Force,USA
8050ce4c-2d75-4c11-92e3-132f1db585c6,Vostok | Korabl-Sputnik (4),1960-12-22T07:45:19Z,Soviet Space Program,KAZ
41223f5d-22f2-4800-9fb8-3be646dc374c,Redstone MRLV | Mercury-Redstone 2,1961-01-31T16:55:00Z,National Aeronautics and Space Administration,USA
9279744e-46b2-4eca-adea-f1379672ec81,Atlas LV-3A | Samos 2,1961-01-31T20:21:19Z,United States Air Force,USA
c167fb61-648b-4755-9e79-0f049fee985a,Molniya 8K78 | Venera-1VA 1,1961-02-04T01:18:03Z,Soviet Space Program,KAZ
81b1848c-f813-4d2a-b318-38b94ac481a0,Molniya 8K78 | Venera-1VA 2,1961-02-12T00:34:36Z,Soviet Space Program,KAZ
fbecd232-0ae0-48ab-91ba-7048317ddd1d,Scout X-1 | Explorer 9,1961-02-16T13:05:00Z,National Aeronautics and Space Administration,USA
a5cfc4dc-c31a-4676-8614-e8eb8b84010a,Thor DM-21 Agena-B | KH-5 1,1961-02-17T20:25:02Z,United States Air Force,USA
bc175a72-2476-41b1-a998-694a3bb75ff8,Thor DM-21 Agena-B | Discoverer 21 (MIDAS RM-2),1961-02-18T22:57:58Z,United States Air Force,USA
0d523e56-5cff-48a2-8ee6-79f103164c10,Atlas LV-3B | Mercury-Atlas 2,1961-02-21T14:10:00Z,National Aeronautics and Space Administration,USA
c90b2db4-d194-4e68-9a5b-df53234e7a1b,Thor DM-21 Ablestar | Transit 3B & LOFTI-1,1961-02-22T03:45:00Z,United States Air Force,USA
9108d8aa-7a81-4cc3-95fd-0ae43e8673cf,Juno II | S-45,1961-02-25T00:13:16Z,Army Ballistic Missile Agency,USA
7e00f7c3-7648-450a-a69b-6bc94e317d04,Vostok-K | Sputnik 9,1961-03-09T06:29:00Z,Soviet Space Program,KAZ
73c17f58-0aad-4a3a-9660-9253525860ec,Little Joe | LJ-5A,1961-03-18T16:49:00Z,National Aeronautics and Space Administration,USA
a144cbcb-0622-420a-8c52-b0af849873c7,Redstone MRLV | Mercury-Redstone BD,1961-03-24T17:30:00Z,National Aeronautics and Space Administration,USA
cf87eb87-1235-4c25-99d7-2896cc8e1dbf,Vostok-K | Sputnik 10,1961-03-25T05:54:00Z,Soviet Space Program,KAZ
a2b07d66-8851-4880-8eee-95248c6e79f5,Delta DM-19 | Explorer 10,1961-03-25T15:17:04Z,United States Air Force,USA
8f46f0c6-b0b8-4440-bd54-d2be03511c78,Thor DM-21 Agena-B | Discoverer 22,1961-03-30T20:34:43Z,United States Air Force,USA
b1a75709-2ff8-497d-aa70-51b38d441cd6,Thor DM-21 Agena-B | KH-5 2,1961-04-08T19:21:08Z,United States Air Force,USA
6abb4584-1ae8-4280-ab94-eec203164091,Vostok-K | Vostok 1,1961-04-12T06:07:00Z,Soviet Space Program,KAZ
f944bd44-59c9-4da1-8330-ee4541d7a5a3,Trailblazer 1 | Trailblazer 1g,1961-04-21T05:56:20Z,National Aeronautics and Space Administration,USA
e1e4a144-47f8-489d-88ee-c41ae09cd0b7,Atlas LV-3B | Mercury-Atlas 3,1961-04-25T16:15:00Z,National Aeronautics and Space Administration,USA
f5303aad-0672-4825-96d6-996d83d1e7f2,Juno II | Explorer 11,1961-04-27T14:16:38Z,Army Ballistic Missile Agency,USA
646b10d8-b33b-4241-8982-3ea60a4fd3a8,Little Joe | LJ-5B,1961-04-28T14:03:00Z,National Aeronautics and Space Administration,USA
9fe0c6ce-7858-4915-b4e3-7c93f8e56177,Redstone MRLV | Mercury-Redstone 3,1961-05-05T14:34:13Z,National Aeronautics and Space Administration,USA
baf048e4-c41b-4edc-aa61-70be2837acb4,Juno II | S-45A,1961-05-24T19:48:05Z,Army Ballistic Missile Agency,USA
d94bf87d-b0eb-4935-8143-e8749e424d5c,Thor DM-21 Agena-B | KH-5 3,1961-06-08T21:16:00Z,United States Air Force,USA
69c1757e-bb8f-4ce2-a29a-0a4aadb6a2c9,Thor DM-21 Agena-B | Discoverer 25,1961-06-16T23:02:52Z,United States Air Force,USA
983ef2b2-df44-4af2-93f9-4263dd6b4571,Thor DM-21 Ablestar | Transit 4A & Injun-1 & Solrad 3,1961-06-29T04:23:00Z,United States Air Force,USA
fb8235f4-31ed-4726-a03a-e5322ab9cd5a,Scout X-1 | S-55,1961-06-30T17:09:00Z,National Aeronautics and Space Administration,USA
8c4ef44b-a0ad-486f-b71a-f178017c6a2e,Thor DM-21 Agena-B | Discoverer 26,1961-07-07T23:29:48Z,United States Air Force,USA
ca2c7e34-2d2b-471d-83e4-5371ab8dd11f,Delta DM-19 | Tiros-3,1961-07-12T10:25:06Z,United States Air Force,USA
ab40c85f-c07c-4735-ae84-ba41dca2569e,Atlas LV-3A | MIDAS 3,1961-07-12T15:11:46Z,United States Air Force,USA
4c732b42-e40e-4ee0-a917-bf427cea9f29,Redstone MRLV | Mercury-Redstone 4,1961-07-21T12:20:00Z,National Aeronautics and Space Administration,USA
5c685372-5050-401f-9d06-cf03a5ec4fa0,Thor DM-21 Agena-B | KH-5 4,1961-07-21T22:35:00Z,United States Air Force,USA
b7e331d8-dece-4041-8261-979f542f38de,Thor DM-21 Agena-B | Discoverer 28,1961-08-04T00:01:00Z,United States Air Force,USA
1bf16c97-1401-4948-b805-3bab2c77fdbc,Vostok-K | Vostok 2,1961-08-06T06:00:00Z,Soviet Space Program,KAZ
d859322c-ed6f-4de8-ab7a-8b3a19f0db60,Delta DM-19 | Explorer 12,1961-08-16T03:21:05Z,United States Air Force,USA
5ebb7b50-eda8-45f4-9d42-e6888d585b08,Blue Scout Jr | O-1,1961-08-17T14:29:00Z,United States Air Force,USA
0590523c-4b00-445a-bdb7-2970f04c24ce,Atlas LV-3A | Ranger 1,1961-08-23T10:04:10Z,United States Air Force,USA
eac7f345-ba58-4629-8757-aca1d081a6fb,Scout X-1 | Explorer 13,1961-08-25T18:29:44Z,National Aeronautics and Space Administration,USA
46c862f7-5b92-48bc-94ce-54615630154b,Thor DM-21 Agena-B | Discoverer 29,1961-08-30T20:00:00Z,United States Air Force,USA
f8025d66-a0eb-469d-936f-5d8b9d49baee,Atlas LV-3A | Samos 3,1961-09-09T19:28:27Z,United States Air Force,USA
586f5567-b303-44a3-9ccf-bf9d582d91c3,Thor DM-21 Agena-B | Discoverer 30,1961-09-12T19:59:00Z,United States Air Force,USA
c65cb588-b553-4cdd-a9ce-ba7878d45495,Atlas LV-3B | Mercury-Atlas 4,1961-09-13T14:04:16Z,National Aeronautics and Space Administration,USA
2c9a3d0b-55b8-4900-9082-fe61b08034d1,Thor DM-21 Agena-B | Discoverer 31,1961-09-17T21:00:00Z,United States Air Force,USA
b5d2389b-8dba-40be-b5ac-8acb316d5518,Thor DM-21 Agena-B | Discoverer 32,1961-10-13T19:22:00Z,United States Air Force,USA
1e00999b-1a44-43c8-a636-2c98ff6b0d3d,Scout X-1 | P-21,1961-10-19T17:38:00Z,National Aeronautics and Space Administration,USA
ca8c7e27-d18a-4caf-ae73-6cf4bda73171,Atlas LV-3A | MIDAS 4 & Westford-1,1961-10-21T13:53:03Z,United States Air Force,USA
da1cbbc4-dbda-40c7-8868-734ff8dcb157,Thor DM-21 Agena-B | Discoverer 33,1961-10-23T19:23:00Z,United States Air Force,USA
5aff8c15-abef-45a5-bab0-567e829cd97d,Saturn I | Saturn SA-1,1961-10-27T15:06:04Z,National Aeronautics and Space Administration,USA
7cea9893-9b33-4f69-872a-b4f83cd5284f,Kosmos-2I 63S1 | Kosmos-2I | DS-1-1,1961-10-27T16:30:00Z,Strategic Rocket Forces,RUS
5b288b8a-3861-4114-828f-8b1a363c6b73,Blue Scout II | Mercury-Scout 1,1961-11-01T15:32:00Z,National Aeronautics and Space Administration,USA
b4fd8512-5538-4b32-b151-e6fe024fcf60,Thor DM-21 Agena-B | Discoverer 34,1961-11-05T20:00:30Z,United States Air Force,USA
3303756b-7c89-4b0d-8a2a-56c6ac123cf9,Thor DM-21 Agena-B | Discoverer 35,1961-11-15T21:22:46Z,United States Air Force,USA
24c7c2a8-5066-4908-b147-74e5dd1d23e3,Thor DM-21 Ablestar | Transit 4B & TRAAC,1961-11-15T22:26:00Z,United States Air Force,USA
aadc8a1d-6ea1-4faf-a854-c271566d098f,Atlas LV-3A | Ranger 2,1961-11-18T08:12:00Z,United States Air Force,USA
602ee780-2016-45a3-9baa-802574b6548f,Atlas LV-3A | Samos 4,1961-11-22T20:45:47Z,United States Air Force,USA
c68999b7-a4bc-4510-ae6d-60fd1a9618c5,Atlas LV-3B | Mercury-Atlas 5,1961-11-29T15:07:57Z,National Aeronautics and Space Administration,USA
66201539-d2d1-402f-80fc-2314a936ad35,Blue Scout Jr | Blue Scout Jr. O-2,1961-12-04T04:00:16Z,United States Air Force,USA
812ba1f4-909f-48a5-b57f-93fda2f709e4,Vostok-K | Zenit-2 1,1961-12-11T09:39:02Z,Soviet Space Program,KAZ
b72ea585-14dc-4aa7-b257-5b7f2dcb9bf0,Thor DM-21 Agena-B | Discoverer 36 & OSCAR 1,1961-12-12T20:40:00Z,United States Air Force,USA
84a7f81c-2b95-4809-ba4b-dba4d178fd36,Kosmos-2I 63S1 | DS-1 2,1961-12-21T12:30:00Z,Strategic Rocket Forces,RUS
8dc32887-ae1c-4d82-acf3-78726d8946e9,Atlas LV-3A | Samos 5,1961-12-22T19:12:33Z,United States Air Force,USA
83f07d31-0783-4bbe-b84d-229836c4c07b,Thor DM-21 Agena-B | Discoverer 37,1962-01-13T21:41:02Z,United States Air Force,USA
d5e7b928-9733-4887-86d0-fbc53331e322,Thor DM-21 Ablestar | 5 Payloads Rideshare,1962-01-24T09:30:00Z,United States Air Force,USA
427b571c-e04b-4ad1-8ccd-3235674f1cc2,Atlas Agena B | Ranger 3,1962-01-26T20:30:11Z,United States Air Force,USA
84e3f7f7-33dc-4a22-9467-984ab44f42f6,Thor Delta | Tiros 4,1962-02-08T12:43:45Z,United States Air Force,USA
ef68f324-c31b-471c-b401-2ce64aaa229c,Atlas LV-3B | Mercury-Atlas 6,1962-02-20T14:47:39Z,National Aeronautics and Space Administration,USA
118a5b69-3c6f-41f3-9b4c-9297b522d33d,Thor DM-21 Agena-B | P-102 Group 0-D,1962-02-21T18:44:00Z,United States Air Force,USA
d6772a56-b47e-425c-a445-206613749e26,Thor DM-21 Agena-B | KH-4 1,1962-02-27T19:39:20Z,United States Air Force,USA
953e56aa-e627-4151-b9b6-626044ced647,Thor Delta | OSO 1,1962-03-07T16:06:18Z,United States Air Force,USA
a0a5ef8a-f0f1-490b-a444-a74040aed356,Atlas Agena B | Samos 6,1962-03-07T22:10:31Z,United States Air Force,USA
851d10cc-e44c-48d2-83e3-5e9103d7d389,Kosmos-2I 63S1 | DS-2 1,1962-03-16T11:59:00Z,Soviet Space Program,RUS
102e2f02-0c9f-47f0-a4b2-1583b6982d3a,Scout X-2 | P-21A,1962-03-29T07:27:00Z,National Aeronautics and Space Administration,USA
bb28d685-2d4d-45b4-b614-b23ee2a777b7,Kosmos-2I 63S1 | 1MS 1,1962-04-06T17:15:00Z,Soviet Space Program,RUS
f113636a-3c3e-4db0-b057-94449b9eb872,Atlas Agena B | Midas 5,1962-04-09T15:04:48Z,United States Air Force,USA
6cafa345-f83b-4974-99ff-5fe7cb5d1797,Thor DM-21 Agena-B | KH-4 2,1962-04-18T00:53:47Z,United States Air Force,USA
7f935a77-99ad-40dc-9dcd-9f63f04c79fe,Atlas Agena B | Ranger 4,1962-04-23T20:50:00Z,United States Air Force,USA
1e0c9df8-297b-4d82-974a-ea47ded5f860,Kosmos-2I 63S1 | Sputnik 13,1962-04-24T04:00:00Z,Soviet Space Program,RUS
2d5166a1-579a-4a2e-b153-4caa3d4b8c42,Saturn I | Saturn SA-2,1962-04-25T14:00:34Z,National Aeronautics and Space Administration,USA
f6e14f90-a5dc-472e-acf6-4aac471ffb6b,Vostok | Zenit-2 2,1962-04-26T10:02:00Z,Soviet Space Program,KAZ
0e2da711-13e9-4730-b109-a0833296534b,Scout X-2 | SOLRAD 4B,1962-04-26T10:49:00Z,US Navy,USA
d2983489-21bd-47b7-aa63-54b4aa90755f,Thor Delta | Ariel 1,1962-04-26T18:00:16Z,United States Air Force,USA
457af90c-8ada-4db7-9be9-3bcca545a371,Atlas Agena B | Samos-E6 1,1962-04-26T18:56:08Z,United States Air Force,USA
510c717a-a8a3-4a65-a201-2f398eb70e7b,Thor DM-21 Agena-B | KH-4 3,1962-04-29T00:30:12Z,United States Air Force,USA
e08b33b0-8e29-4f03-8710-031223a550c8,Trailblazer 2 | Trailblazer IIb,1962-05-06T05:41:00Z,National Aeronautics and Space Administration,USA
4d464e6a-b8b2-4f2c-9c17-9bb17d80a24e,Thor DM-21 Ablestar | ANNA 1A,1962-05-10T12:06:00Z,United States Air Force,USA
3219ff41-e36e-4a6a-b6f8-6b66902dfdac,Thor DM-21 Agena-B | KH-5 5,1962-05-15T19:36:00Z,United States Air Force,USA
c1037c28-c986-4049-81a5-d182b66f0e72,Scout X-2M | DSAP-1 F1,1962-05-24T00:00:00Z,United States Air Force,USA
bb844564-1ae0-4af2-b2a1-f3a28195ea0f,Atlas LV-3B | Mercury-Atlas 7,1962-05-24T12:45:16Z,National Aeronautics and Space Administration,USA
6e56add2-2ca3-48f8-ae68-5066c937ab7f,Kosmos-2I 63S1 | Sputnik 15,1962-05-28T03:00:00Z,Soviet Space Program,RUS
4c897fd4-8338-4c24-ae82-7beba52a185f,Thor DM-21 Agena-B | KH-4 4,1962-05-30T01:00:04Z,United States Air Force,USA
d1542267-4c09-45d9-a829-685b9d019058,Vostok 8A92 | Zenit-2 3,1962-06-01T09:38:00Z,Soviet Space Program,KAZ
e7afcf1a-40bc-4711-b476-f487d360cb36,Thor DM-21 Agena-B | KH-4 5,1962-06-02T00:31:28Z,United States Air Force,USA
4c9ce3d9-3b36-4052-ae81-be24e44fa115,Atlas Agena B | Samos-E6 2,1962-06-17T18:14:18Z,United States Air Force,USA
fdd3f4c1-4332-4ed8-9198-d2b4819cb778,Thor DM-21 Agena-B | P-102 Group 2-D 1,1962-06-18T20:20:00Z,United States Air Force,USA
04604499-6230-4cb1-99a0-3e68c0f5edef,Thor Delta | Tiros 5,1962-06-19T12:19:01Z,United States Air Force,USA
6c62bfdb-9888-4b6d-bcd3-133df11bcdfe,Thor DM-21 Agena-B | KH-4 6,1962-06-23T00:30:47Z,United States Air Force,USA
19dcb1d1-031b-4b5b-91b0-f9184566da8c,Thor Agena D | KH-4 7,1962-06-28T01:09:00Z,United States Air Force,USA
7d19d773-07a4-4f08-a8ac-da471a63e2af,Kosmos-2I 63S1 | DS-P1 1,1962-06-30T16:00:00Z,Soviet Space Program,RUS
03f31be8-7d86-45a5-ba5b-bdeef2dac608,Thor Delta | Telstar 1,1962-07-10T08:35:05Z,United States Air Force,USA
b4132996-96ef-44ea-ad7c-166e8207ce1f,X-15 | Flight 62,1962-07-17T17:30:00Z,United States Air Force,???
ce1d59f9-cdb0-4613-901e-5bffd5edf2aa,Atlas Agena B | Samos-E6 3,1962-07-18T20:51:20Z,United States Air Force,USA
03e9b7b4-b5a9-420f-b72d-0197adf45f9f,Thor DM-21 Agena-B | KH-4 8,1962-07-21T00:56:40Z,United States Air Force,USA
abf6d6dc-b949-4f28-a44c-51214895e368,Atlas Agena B | Mariner 1,1962-07-22T09:21:23Z,United States Air Force,USA
ed0d5ab7-a55e-42dc-8424-d4e94418b1e5,Thor DM-21 Agena-B | KH-4 9,1962-07-28T00:30:09Z,United States Air Force,USA
42cd0632-1bbb-4e2f-88b2-47802d64e2b2,Vostok 8A92 | Zenit-2 4,1962-07-28T09:18:31Z,Soviet Space Program,KAZ
53b9c44c-bca6-4011-a48d-3c9287aaa8a7,Thor Agena D | KH-4 10,1962-08-02T00:17:00Z,United States Air Force,USA
d9310658-8333-4497-b95c-3beb978877ce,Atlas Agena B | Samos-E6 4,1962-08-05T17:58:59Z,United States Air Force,USA
1901ff20-e1d1-45bd-bfc2-8e6cbf46bed9,Vostok-K | Vostok 3,1962-08-11T08:30:00Z,Soviet Space Program,KAZ
6aeaf6ed-3b42-4e17-844d-dc61ebcc77e8,Vostok-K | Vostok 4,1962-08-12T08:02:33Z,Soviet Space Program,KAZ
a3c3e5c6-5a64-4ed4-952c-0aac0b9764f8,Kosmos-2I 63S1 | Sputnik 18,1962-08-18T15:00:00Z,Soviet Space Program,RUS
085be7a8-8aa7-46ff-b60f-512eb71c3e7f,Scout X-2M | DSAP-1 F2,1962-08-23T11:33:00Z,United States Air Force,USA
8bceefa3-0158-4cf6-9256-603b972f0899,Molniya 8K78 | Venera 2a,1962-08-25T02:18:45Z,Soviet Space Program,KAZ
44ebf43b-accb-4cc4-aaaa-43c2f13e90df,Atlas Agena B | Mariner 2,1962-08-27T06:53:14Z,United States Air Force,USA
84e776ec-6bff-4de1-b2cc-a4ef985cb1ec,Thor Agena D | KH-4 11 & RM 3,1962-08-29T01:00:36Z,United States Air Force,USA
5fe5cadc-8e59-485c-9352-760e9ecb1c1a,Scout X-3A | Reentry-2,1962-08-31T16:25:00Z,National Aeronautics and Space Administration,USA
